Prospect ID,Site ID,Target Website,Domain,URL,Title,Niche,Country,Opportunity Type,Relevance,Editorial,Audience,Organic,Authority,Contactability,Content Quality,Total Score,Evidence URL,Relevant Page,Contact URL,Submission URL,Contact Name,Email,Risk Flags,Reason,Outreach Angle,Status,Date Added,Last Checked,Notes
P0001,4726884581283230407,Coverage Clarity,fangwallet.com,https://fangwallet.com/write-for-us-a-insurance-blog-post/,Write for Us - Insurance Blog Post,Personal finance / insurance,USA,editorial contribution,UNKNOWN,UNKNOWN,UNKNOWN,UNKNOWN,UNKNOWN,UNKNOWN,UNKNOWN,UNKNOWN,https://fangwallet.com/write-for-us-a-insurance-blog-post/,https://fangwallet.com/write-for-us-a-insurance-blog-post/,https://fangwallet.com/write-for-us-a-insurance-blog-post/,UNKNOWN,UNKNOWN,UNKNOWN,UNKNOWN,None found yet - could not verify,Site name and topical match suggest a real personal-finance publication but this session's network policy blocked fetching the page to confirm editorial identity/authorship or check for paid-post language,UNKNOWN,NEEDS_EVIDENCE,2026-09-24,2026-09-24,Found via WebSearch only. WebFetch to fangwallet.com returned EGRESS_BLOCKED. Needs manual human review or a broader network allowlist before scoring.
P0002,4726884581283230407,Coverage Clarity,financeguestpost.com,https://www.financeguestpost.com/insurance-guest-post,Submit Insurance Guest Post,Personal finance / insurance,USA,other,UNKNOWN,UNKNOWN,UNKNOWN,UNKNOWN,UNKNOWN,UNKNOWN,UNKNOWN,UNKNOWN,https://www.financeguestpost.com/insurance-guest-post,https://www.financeguestpost.com/insurance-guest-post,https://www.financeguestpost.com/insurance-guest-post,UNKNOWN,UNKNOWN,Risk signal detected,"Domain name itself (""financeguestpost.com"") reads as a guest-post marketplace/link-selling brand rather than an editorial publication; obvious link-selling pages are an automatic-rejection signal per policy",N/A - do not pursue without stronger evidence of genuine editorial process,REJECTED,2026-09-24,2026-09-24,DNS lookup also failed when attempting to verify (getaddrinfo ENOTFOUND). Retain only as a documented rejection example, not a candidate.
P0003,4726884581283230407,Coverage Clarity,finanacecareonline.com,https://www.finanacecareonline.com/p/guest-post.html,Write for Us - Best Personal Finance,Personal finance,USA,other,UNKNOWN,UNKNOWN,UNKNOWN,UNKNOWN,UNKNOWN,UNKNOWN,UNKNOWN,UNKNOWN,https://www.finanacecareonline.com/p/guest-post.html,https://www.finanacecareonline.com/p/guest-post.html,https://www.finanacecareonline.com/p/guest-post.html,UNKNOWN,UNKNOWN,Risk signal detected,"Domain is a misspelling of a plausible real brand (""finanace"" instead of ""finance""), a pattern associated with expired-domain/typosquat SEO networks",N/A - do not pursue,REJECTED,2026-09-24,2026-09-24,Not fetched (network policy). Flagged from domain pattern alone; document reason if later evidence changes this.
P0004,4040163240745349926,BuyClarity,gadgetsbin.com,https://www.gadgetsbin.com/write-for-us,Write for Us - Gadgets Bin,Gadgets / consumer tech,USA,editorial contribution,UNKNOWN,UNKNOWN,UNKNOWN,UNKNOWN,UNKNOWN,UNKNOWN,UNKNOWN,UNKNOWN,https://www.gadgetsbin.com/write-for-us,https://www.gadgetsbin.com/write-for-us,https://www.gadgetsbin.com/write-for-us,UNKNOWN,UNKNOWN,UNKNOWN,Plausible genuine gadget review blog by name/snippet; WebFetch blocked by network egress policy (EGRESS_BLOCKED) so editorial identity and paid-post policy unverified,UNKNOWN,NEEDS_EVIDENCE,2026-09-24,2026-09-24,Needs manual review or broader network allowlist before scoring.
P0005,4040163240745349926,BuyClarity,realsimpleblog.com,https://www.realsimpleblog.com/gadgets-write-for-us/,Gadgets Write For Us,Gadgets / shopping,USA,other,UNKNOWN,UNKNOWN,UNKNOWN,UNKNOWN,UNKNOWN,UNKNOWN,UNKNOWN,UNKNOWN,https://www.realsimpleblog.com/gadgets-write-for-us/,https://www.realsimpleblog.com/gadgets-write-for-us/,https://www.realsimpleblog.com/gadgets-write-for-us/,UNKNOWN,contact@realsimpleblog.com (per search snippet only, not independently verified),Risk signal detected,"Domain closely echoes the real, unrelated ""Real Simple"" media brand (realsimple.com) while being a different site - possible brand-echo/copycat pattern used by guest-post networks; treat with caution",N/A pending verification,NEEDS_EVIDENCE,2026-09-24,2026-09-24,Do not confuse with the legitimate Real Simple (Dotdash Meredith) brand. Needs manual review before any outreach.
P0006,4040163240745349926,BuyClarity,techgadgetscanada.com,https://www.techgadgetscanada.com/write-for-us/,Write For Us - TechGadgetsCanada,Gadgets / tech,Canada (site targets Canada; our target country is USA),other,UNKNOWN,UNKNOWN,UNKNOWN,UNKNOWN,UNKNOWN,UNKNOWN,UNKNOWN,UNKNOWN,https://www.techgadgetscanada.com/write-for-us/,https://www.techgadgetscanada.com/write-for-us/,https://www.techgadgetscanada.com/write-for-us/,UNKNOWN,UNKNOWN,UNKNOWN,"Country mismatch (Canada-focused) versus BuyClarity's USA target audience reduces audience-fit relevance regardless of editorial quality",UNKNOWN,NEEDS_EVIDENCE,2026-09-24,2026-09-24,Low priority given country mismatch; only pursue if content is genuinely cross-relevant to a US audience.
P0007,5769186058148003918,Stack Clarity,tesseract.academy,https://tesseract.academy/write-for-us-technology-become-a-contributor/,Write for Us Technology - Become our Contributor,AI / technology education,USA,expert contribution,UNKNOWN,UNKNOWN,UNKNOWN,UNKNOWN,UNKNOWN,UNKNOWN,UNKNOWN,UNKNOWN,https://tesseract.academy/write-for-us-technology-become-a-contributor/,https://tesseract.academy/write-for-us-technology-become-a-contributor/,https://tesseract.academy/write-for-us-technology-become-a-contributor/,UNKNOWN,UNKNOWN,UNKNOWN,Plausible genuine AI/tech education organization by name/snippet; WebFetch blocked by network egress policy,UNKNOWN,NEEDS_EVIDENCE,2026-09-24,2026-09-24,Needs manual review or broader network allowlist before scoring.
P0008,5769186058148003918,Stack Clarity,indatalabs.com,https://indatalabs.com/blog-contributor-guidelines,Blog Contributor Guidelines - InData Labs,AI / data science,USA,expert contribution,UNKNOWN,UNKNOWN,UNKNOWN,UNKNOWN,UNKNOWN,UNKNOWN,UNKNOWN,UNKNOWN,https://indatalabs.com/blog-contributor-guidelines,https://indatalabs.com/blog-contributor-guidelines,https://indatalabs.com/blog-contributor-guidelines,UNKNOWN,writeforus@indatalabs.com (per search snippet only; not independently verified),UNKNOWN,Named data-science consultancy with a real-looking contributor program and a specific submission email; strongest lead of this batch but still unverified by direct fetch,UNKNOWN,NEEDS_EVIDENCE,2026-09-24,2026-09-24,Best candidate in this batch for human review once verification is possible.
P0009,5769186058148003918,Stack Clarity,techresourcia.com,https://techresourcia.com/write-for-us/,Write for Us Technology - Tech Resourcia,Technology,USA,other,UNKNOWN,UNKNOWN,UNKNOWN,UNKNOWN,UNKNOWN,UNKNOWN,UNKNOWN,UNKNOWN,https://techresourcia.com/write-for-us/,https://techresourcia.com/write-for-us/,https://techresourcia.com/write-for-us/,UNKNOWN,UNKNOWN,Risk signal detected,"Domain name pattern (""...resourcia.com"") is typical of programmatically-built guest-post-farm sites; treat as low-confidence until proven otherwise",N/A pending verification,NEEDS_EVIDENCE,2026-09-24,2026-09-24,Low-confidence lead; deprioritize versus P0007/P0008.
